Név	Osztály	Matematika	Magyar	Történelem	Informatika	Angol
Barta Gergő	8B	1,3,4	3,1,5,4,2,4	4,4,3,2,1	3,3,4	1,2,4,5
Horváth Endre	6B	4,3,4,5,3	3,4,3,4	1,4,1,4	2,3,5,4,1,5	2,3,4,2
Biró Tünde	7A	3,3,3	3,4,5	3,3,2,4,4,2	3,1,1,3,4,1	4,4,5,5
Péter Tibor	6B	1,1,1	1,4,3	3,3,1,2	3,3,5,3,4,1	1,1,2,2
Budai Szilvia	8A	1,1,4,3	1,2,3	2,4,2,5,2,4	4,4	2,2,4,2,3,4
Farkas Nóra	5A	3,3,4,3,4,1	4,4,5	1,1,5,5,4	4,3,4	4,3,4,3
Papp Petra	6B	3,2,4,4,4	4,2,3	1,4,3,1	2,4,1,4	2,4,5,4
László Alex	7D	4,4,3,5,2	4,1,4,3	4,2,3,5,4,3	4,1,4,2,1	2,1,3
Varga Mihály	6C	3,2,4,5,1	4,4,4,4	1,4,3,5,2	4,1,1,1,4	4,2,5,3,4
Lengyel Tünde	8B	1,1,4,2	1,4,3,4,1,2	3,1,5	2,3,4	2,1,5,4,4,2
Gáspár Cintia	5B	1,4,5,3,4,2	4,3,3	3,4,4,3,3,1	2,3,3,5,1,4	3,4,3,4,1
Antal Olivér	7A	3,3,4,4	2,3,2,4,3	1,3,2,3,3	4,3,4	1,3,5,5
Berki Ábel	7D	1,3,3,4,4	1,3,4	4,1,5,4,5,3	1,1,4,1,1,4	4,1
Kis Sándor	7C	3,2,3,3,2,3	2,4,2,3,5	3,4,4	2,2,1	4,1,3,4,5
Lakatos Martin	5A	4,2,3	2,3,1,4,1	4,3	3,4,4,4	2,3,4
Mészáros Miklós	7B	3,4,3	2,4,5,3,3	4,2,4,2,3	2,1,4,4	2,2,1,1,2,4
Fábián Endre	7D	4,4,1,4	4,3,3,4,2	2,1,5,4	3,3,3,4	3,3
Papp Ferenc	5A	1,4,3,5	1,3	1,3,4	2,1,4,2	2,1,3,2,2,1
Bálint Dominik	8D	3,4,4,2	4,2,4,1,4	2,3,3,3	2,4,5	3,3,4,1,5,3
Lukács Hajnalka	8A	4,4	4,4	2,2,5	3,3,4	1,2,4
Vass Márton	6A	1,3,4	4,3,3	4,4,4	4,4,3	3,2,5,3,4,1
Bognár Orsolya	5B	2,1,2	4,3,5,3	4,4,2	2,1,3,5,2	3,2
Takács Alex	6D	2,3,3,4,3,2	4,4,2,3,1,4	2,2,3,5,4	1,4	4,3,3,1
Pintér Adrienn	8D	3,1,3,5	4,1,5	2,1,1,3,4,4	4,2,4,1	2,4,2
Székely Lili	5D	1,2,5,3	4,2,3,3,3	4,3,2,4,4	1,3,3,2,4,2	4,1,4,4
Bodnár Dalma	7A	4,4,2,4,3,5	4,2,3,4,4,1	4,3,5	1,4,1	3,4,1
Balogh Zsombor	6B	3,3,3,4	2,1,4,5,4,4	1,3,4,4	1,3,5,5	4,3,4
Boros Mária	8B	1,4,1	2,3,4	4,3	2,4,1	2,3,4
Balogh Benjámin	8B	3,2,4	4,1,3,3	4,1,4	1,3,2	4,3
Horváth Dalma	5B	4,3,4	3,3,4	4,3,4,3,3,3	4,1,4,5	4,2,3,3
Rácz Benjámin	6D	3,3,3,1,4,3	3,1,2,3	1,4,4,4	3,4,2,4	3,3,1
Nagy Alex	6C	1,4,2,3	2,2	3,3,2,4	4,1,2,4	2,4,4,5,4,2
Barta Barbara	5B	2,3,3,3	1,3,4,1	4,3,3,2	1,1,4	2,1,2
Csonka Viktória	5D	4,3,2,4,4	4,2	3,3,1,2,4,2	1,2,2,2	4,3,4,1,3
Faragó Fruzsina	8A	2,2,3,2	2,2,3,3,4,3	1,1,4,1	4,2,3,4,3,5	3,2,3,5
Szőke Martin	6B	2,3,4,5	1,4,3	2,3,3,1,4,4	4,4	4,4,4,1,4,4
Pásztor Áron	5C	1,4,5,5,3	4,2,5	3,2,3,2,1,2	4,1,3,4,5	3,1,2,3
Gáspár Dorottya	6B	4,1,5,1	2,2,2,4	1,1,4,2	3,2,1,4,3,2	4,4,4,1,4,5
Szücs Máté	8B	4,3,1	3,1,3,5,3	4,4,1,3,1,4	1,4,4,2,2,4	3,4,3
Bakos Fanni	7D	1,2,2,4	2,1,5,5	4,4,1,1,2	3,1,4,4,3,5	4,4,2,5
Gulyás Nikolett	5D	2,2,4,1,3,3	3,3,3,4	3,4,2	2,3,4,1	3,2,4,3
Rácz Alexandra	5C	4,3,2,4,2	1,2,3,2,5	2,4,3	3,1,2,4,5,5	1,3,4
Balázs Martin	7A	1,1,2	4,1,4,3,4	4,3,4,2,4	2,3,4,5,5	1,1,1,3,1,3
László Kornél	6A	3,4,3,5	3,1,4	2,4,3,4	3,1,3,3,3	1,4,1,3
Fábián Henrik	7B	1,1,3	4,3,1	3,1,2,1	3,4,3	3,3,2
Balogh Roland	6D	4,1,2,2	3,4,4,2,4,2	1,1,5,1,1,4	3,1,4,5,4	1,3,5,3,2
Balla Boglárka	5B	1,4,4,1,5,4	1,1,4,2,4,5	4,3,3,3,1,4	3,3,5	4,2,4
Hegedüs Szabina	5C	1,2,4,4	4,4,3,3,2	3,4,2	4,3,4,4,2,4	2,4,4,5
Csonka Dániel	5D	4,3,3,3	1,4,2,1,3,4	4,4,4,2,4	3,3,1,4,5,3	4,2,5,1,4,4
Simon Rebeka	6C	4,4,2	4,2,2	4,3,5	1,2,4,3	4,2,1,4
Balla Nándor	5A	3,4,2,3	3,2,4	2,3,3,1	3,4,2,4	2,1,3,5,3
Major Mátyás	6A	4,2,1	4,2,4,2,4,3	4,4,4,4	3,1,4,5	2,1,4,2
Antal Kristóf	6D	1,4,3	4,3,4,2,1	2,3,1,2,2	2,1,2	2,2,2,3
Csonka Dóra	8C	1,4,4,1,2	3,3,4,4	2,3,4,3,5	2,3,4,5	3,4,4,3,2,4
Berki Kitti	5A	3,2,3,3	3,2,4	3,2,2	2,1,4,2	1,3,1,5
Vass Sándor	8D	2,1,3	3,1,4	1,2,3	2,3,3,5	2,1
Szilágyi Gergely	7C	4,4,5,2,5,1	1,1,5,4	3,2,4,3,2	1,3,1	1,3,4
Balla Georgina	6B	3,3,4,1,4,4	1,3,1	4,3,3	4,3	3,4,2
Mezei Dominika	8A	2,3,4,4,4	4,3,1,2,4	2,1,5,3,4,4	3,1,1,1	3,2,5,3
Bodnár Tibor	5C	2,1,1,4,1,2	2,3,5	3,2,4	4,2,5,4	1,4
Török Evelin	8A	3,2,3,2,3,3	1,2,4,4	4,4,2,5	4,4	4,3,5
Pap Benedek	5A	3,1	2,2,4,1,4	2,4,3,4,2,4	1,3,1,3	2,3,2,4,1,4
Horváth Alexandra	6B	2,2,5	3,4,1,3,3,4	1,2,2,3,2,4	2,1,5,2	2,4,5
Vass Lajos	6B	3,4	4,3,5,1,4,2	3,2,5,3	4,2,5,3,1	4,1,4,4,3,1
Tóth Mátyás	7A	4,3,2,4	3,1,3,3,4	3,4,3,1	2,2,5	3,4,5,2,5,4
Márton Gergely	8A	4,3,5,2,4,4	1,3	2,3,3	4,1	4,1,3,4,4
Kelemen Ildikó	8C	3,3,5,2	3,2,4	4,1,3,5,4	1,4,5,2,1,1	4,1,1,3,2,2
Balla Brigitta	8B	2,4,1	1,4,4	4,4,2,1	1,3,5,3	4,2,4,1,5
Jakab Kristóf	6B	3,2,4,5,2,3	4,2,2,3	4,1,5,4,1	1,3,2,1	1,1,4,5,5,3
Horváth Mónika	8B	4,1,4	1,2,3,2	4,4,3,2,1,4	2,1,3,5	3,3,5
Rácz Máté	5C	2,1,4	3,4,1,5,2,4	4,1,4,3	2,4,4	3,2,4,1,4,5
Szabó Rebeka	8B	1,2,4,3,3	3,2,3,1,1,2	4,4,4,4	4,2	4,3,5,1,1
Tamás Emese	5B	4,3,3,5,4	4,1	3,3	4,4,4,1,4	4,1,3,3,4,1
Szilágyi Soma	5C	3,2,1,4,2	3,1,4,5,5,1	3,4,2	3,4,3,3,4	1,4,3,2
Vincze Zsolt	7D	4,3,3,3,1,4	4,3,5,4	1,2,3,3,3,5	4,3,5,4	4,3,4
Takács Gabriella	8A	3,2	4,4,2	3,1,4	3,4,5	4,3,3,4
Gulyás Gabriella	7D	3,4,4	1,3,5,1,4	2,4,4,3	3,3,1	3,2,5
Barna Lili	6B	3,3,4,2	1,4,3,5,1,4	4,2,4,3,5,1	1,4,5,3,3	1,1,4
Simon Flóra	5B	3,4,2,4,4,4	1,3,3,5	2,4,5,1,5	4,3,4,5	3,1,4,4,3,2
Berki Nikoletta	7D	1,3,3,3	4,2,4,4,4,2	4,3	4,2	4,4,4,1,3
Szilágyi Szilvia	6A	2,3,5,4,1,4	2,3,4,3	4,1,3,4	4,2,4,4,4,4	2,1,3
Balogh Márió	5C	1,2,3,1	4,4,3,3,4,4	2,1,5,4,3	3,3,2,4	2,2,1
Borbély Flóra	8A	3,1,4,3	4,4,4	1,4,4,1,5	1,4,4,1	3,4,5,1,3
Barna Tünde	5D	1,4,1	4,4,1,4,1	3,3,5,2	3,4,3,3	2,4,3,1
Balogh Krisztina	8D	1,4,5	2,2,2,5,5,4	4,2,1,2,5,2	1,4,2,1,4	2,4,4
Veres Márton	5B	1,1	1,2,4,4,3,4	3,4,1,5	2,4	4,4,4
Hegedüs Kevin	8C	3,4,3,3	3,4,3,5,5	2,4,4,5,3	2,2,3,5	4,1,2,1,3,4
Barta Zoltán	7D	4,2,1	4,1,4,2	1,2,5	3,3,1,2	2,4,4,1,2
Orbán Dominik	8C	2,3,1,2,3	4,4	1,3,1	4,2,3,4	1,3,5,1,5,5
Gulyás Zsuzsanna	7B	1,3	3,4	1,4,2,1,4,3	3,4,3,4	4,3,4,2,5,4
Orbán Kálmán	8D	2,1,3,3	4,4,4	4,4,4,4,4	3,4,2,3,4,5	4,3,2,3,4
Jónás Kornél	8C	1,1,5,4,3,2	4,1,3,4,2	1,4,1,3	2,4,1,1	3,3
Székely Alex	7D	3,3,4,1,4	3,2,3,3	4,2,5,2,4	3,3,4,4	3,4,1
Faragó Flóra	6C	3,1	3,3,2	1,3,1	4,4,3,4,1,4	3,4,2
Illés Szimonetta	7C	4,4,4,5,4	4,3,4,1,2,5	1,3,1,3,3,4	2,3,2,5	4,1,4,3,5
Kozma Zsófia	5D	3,1,4	2,1,4,3	3,2,5	3,4,2	3,3,5,4,1,5
Szűcs Barna	7D	3,2,4,4	4,2,3,4,5	3,2,4	2,2,3,5	3,2
Gál Mária	7B	1,3,4,5	3,4,3,5,4	4,4,5,3,2	3,2,1	3,1,4
Tóth Arnold	7C	3,2,3	2,4,4	4,2,1,4	4,3,1,1	3,2
Magyar Márk	5D	4,4	1,4,1,4	4,3,2,5,4,2	3,2,2,1,4,3	4,1,1,3,3,5
Barna Laura	6C	1,2,4,5	2,1,4,4,5	4,2,5	3,3	4,4,2,2,2,3
Lukács Barbara	6D	4,3,3,1	1,3,4,5,5	3,4	4,1,2,5,1,5	4,1,2,3
Lukács Adrián	6C	3,4,3,1	2,2,5,1	3,1,3,4	3,3,3,2	1,2,4
Pap Viktória	6C	4,3,1,4	2,3,3,5	4,4,2	1,4,5,4,4,4	4,4,5
Horváth Péter	5C	3,4,4,3	1,4,4,2,3	3,3,4	3,2,3,1	3,4,3
Gál Krisztián	7B	3,3,4,4,4,5	1,2,3,3,4	2,1,5,4	2,4,3,5	3,2,1
Jónás Bertalan	7A	1,2,2,3,3,4	4,2,3,3	1,3,3,4,3	2,3,2,1,3	1,4,1,1
Faragó Levente	7D	2,4,2,3,4	3,4,1,1	2,1,3,3	3,3,3,1	4,4,2,2
Farkas Dávid	8C	2,4,4,4	3,3,5,3	3,1,1,4,2	4,4,5,5	4,1,3,1,4
Váradi Kata	8B	3,4,5	1,2	3,1,3	1,1,3	2,2,2,5,3,5
Antal Tibor	6A	4,1,1,5	2,4,4,2	3,3,1,2	1,3,1	4,4,3,4
Fábián Zsolt	7C	4,1,3,3,4,3	1,4,3,5	2,3	3,4,4	3,3,4,5,2
Magyar Dénes	5C	2,1,4,5	3,2,3,4,5,5	3,3,4	2,3,5,3,1,1	2,4,3,3,3
Fodor Beáta	5D	3,2,1	3,4,2,1,4	2,3,3,3	4,1,5,1	1,4,4
Budai Péter	8D	2,3,4,4,2,3	3,3,4,3	2,4,4,4,3	2,1,4,4	2,4,2,3,4
Pap Mónika	7D	4,4,3,3,1,1	4,3,4,2,4	3,2,5	4,3,2	1,1,4,1
Tamás Lilla	5B	3,4,2	2,3,2,3,4	4,3,4,3	1,3,3,2,3,2	3,4
Veres Szabolcs	5D	2,4,4	1,1,4,3,1,1	2,3,4,3,5,4	4,2,4,5,2	2,1,2,5,4,4
Magyar Sándor	8A	4,4,1,5,4,3	3,1,2	3,2,5,4,5	3,2,4	3,4,3,2
Székely Anikó	6B	3,4,4,3,5,5	4,3,4,5,4	3,1,1	3,1,1,4,1	3,3,1,3
Pintér Lajos	7D	4,3,2,4	2,4,2,1	4,3,2,3	2,1,5,4,4,2	2,4,2
Barna Tamás	7D	2,4,3,3,4	3,2,4	1,3,4,4	3,4	3,2,4
Farkas Nikolett	7A	2,4,5,2	4,2,3	1,4,2,1,1	4,4,3,1,5,2	4,3,5,5,4
Sipos Renátó	6D	4,4,3	3,1,3,1,1	2,4,3	3,4,5,2	4,1,2,4
Kis Dominika	8D	2,4,2,3,5	1,1,4	4,3,3,3,3	1,4,4,4,3,5	1,3,4,2
Juhász Beatrix	8D	4,1	2,3,5	4,4,5	1,3,3	4,4,1
Kis Benjámin	8C	4,2,2,4,2	1,3,2,4,2,5	3,1,3	4,3,1	1,3,4,2,1,4
Kocsis Áron	8B	3,1,3	2,4,1,4,2,1	2,3	1,1,1,4,3,4	2,2,3,5
Vörös Mónika	8D	2,2,2,3	2,4,1,4	1,4,3,4,4	4,4,3	3,2,4,4,5
Székely Orsolya	7B	2,2,3,4,1	3,3,5,2,4,3	2,1,5,3	1,2,4,3	4,2,2
Székely Marcell	8A	3,4	4,2	1,4,4,1,2,5	4,4,1,4	3,3,2
Török Ábel	8B	3,4,4,5,4,4	4,2,5	4,2,4,3	4,1,3,1,3	3,2,4
Szűcs Mária	6B	2,3,1,3,3	3,3,4,4,1	4,2,4,1,1	4,3,4	1,1,4
Lakatos Beatrix	5B	3,1,3,4,5,3	4,3	1,2,1,4,1	3,4,1,2,3	4,2,4
Csonka Márk	6D	1,3,5	2,3,3	1,4,1,2	3,3,4	3,3,3,4
Balogh Noémi	5B	4,1,4,4,5,3	4,3,4	1,2,1,1	2,2,5	1,2
Lengyel Lilla	5B	3,4,4,4	3,3,3,3,3	1,2	4,3,5,5,5,4	2,4,4
Kerekes Eszter	7A	2,4,1	2,1	4,4,4,5,1,2	3,1,2	4,3,1
Balogh Andrea	8C	3,1,5	4,2,3,3	1,3,5,1	3,1	2,3,4,1
Balogh Luca	7B	3,3,4	4,1,4,1,1	4,4,4,4,3,2	3,4,5,4	3,3
Kiss Zoltán	6D	1,4,3,4,3,4	3,2,2,3,4	3,2,4,2,4	3,4,4,2,5	3,4
Horváth Dénes	7A	3,2,3,2,3,4	3,4,5	3,4	4,2,5,5	2,1,4,4,1
Szőke Anita	6B	3,3,3	4,2,4,3	1,4,4,5	1,3,2	4,3,1
Rácz Réka	7B	3,4,4,1,3,3	2,4,4,5	4,4,5,5,2	4,4	3,3,3,4,5,5
Major Ramóna	7C	2,1,5	3,3,1,4	4,3,4,4,1,3	3,1,3,4,1	3,2,1
Kerekes Olivér	6D	3,3,4,1,3	3,4,3,2	3,4,3,4,4,5	1,1,1,5,4	2,2,2,4
Fábián Diána	7C	4,4,4	2,3	1,1,1,4,4,4	3,4,1	3,1,3,4,2,3
Fülöp Vivien	5C	1,4,1,5,4	1,3,4,3,1	1,4,2,5,5	4,3,4	1,1,3,2,2,2
Hajdu Dalma	6C	1,2,5,3,5	2,2,4,1	2,1,4,4	4,1,3,1	3,3,3,5
Budai Tamás	5A	2,4,1,4,3,2	1,1,4,3	1,1,4,5	2,2,4,5	1,3,2,4,3,2
Biró Patrik	8C	2,4,5	2,4,4,4	3,1,5,3,5,5	3,4,4,5,4,2	1,2,3,2,4
Papp Adrienn	7C	2,4,5,3,2	3,2,3	4,1,5	3,2,4,3,3	2,4,4,5,1,1
Fazekas Anikó	6B	3,1,1,3	4,2,4,4	4,4,1,1	3,4,4,5,5,4	4,3,4,4
Pásztor Erzsébet	7C	2,4,5,4,1	2,1,4,1,4,1	1,2,1,5	2,2,4,5	2,2,2,1
Major Laura	5C	4,2,4	2,3,4,4	2,3,3,3	1,3,4,1,5,3	1,4,1,5,4
Barta Dorottya	8C	4,3,4,5,1	3,4,4	2,3,5	3,3,1,4,4,3	1,3,2,4
Biró Péter	8C	4,1,4	2,2,1,4,1,4	4,4,2,2,4	4,4,1,1	2,2,1
Mészáros Fanni	6C	3,1,1,3	3,2,5,1	2,4,3,3,3,3	2,4,4,1	2,3,4,4,5
Antal Tibor	8B	3,3,4	4,3	4,1,1,5,5	3,4,3,3,4,5	1,2,4,1
Molnár Andrea	8D	2,2,3,1	2,4,4,4	4,2,3	2,1,4,1	2,1,3,4
Nagy Beáta	6D	3,4,4,5	4,4,1,3,3,4	3,1,4	4,3,5,3	4,1,3,5,1
Kiss Dorottya	6A	3,1,3	4,4,2,3,5,4	3,2,2,1	1,4,4,2	2,3,2,1
Gáspár Dóra	5C	3,2,5,3,1,5	2,3,1,4	3,3,2,3	3,1,4,2,3,3	3,1,4,3,4
Bognár Tibor	5C	2,2,4,3,2	1,3,4	4,2,4	3,3,4,2,4	1,2,4,3
Kelemen Ramóna	5A	1,4,3	4,2,4,2,4,5	1,1	2,2,2,1,4,3	4,3,3
Kovács Imre	6D	2,3,3	3,4,5	4,2,1,1	4,1,4,4,4	2,1,2
Kerekes Szabolcs	5D	4,3,4,5	3,4,2,3	4,2,5	1,3,4	3,3,2,1,2
Kerekes Szabina	5A	4,4,4,4,4	3,3	1,1,5,3	4,4,5	3,3,1,5
Gál Milán	7D	2,3,4	4,4,2	3,3,2,3	2,1	3,2,2,2,5,5
Hegedűs Nikolett	6C	1,2,4,3,5	1,4,4,3,2	2,3,4,1,1	1,4,5	4,4,3,2,4,4
Boros Fruzsina	5C	4,4,5	2,2,5,2,3,1	2,2,4,1,3,5	2,3,2	1,2,3,4
Váradi Diána	6A	3,3,4	1,4,5,4	4,1,3,3	2,1,2,5,4,4	4,2,4,4,3,2
Bodnár Bianka	6D	4,2,4,4,1,2	1,2,4,5	3,2,4,2,4	3,1,3,1,1,3	2,3,3
Székely Tímea	8C	4,2	4,4	2,4,4,4	4,4,3,4	3,4,2,5,5
Hajdu István	6D	3,3,4,1	4,1,2,5,5	1,4	3,1	4,4,3,4,4,5
Orosz Bernadett	5D	1,1,4,4	1,4,1,2,2	4,2,2,3	2,1,1	4,3,5,5,3
Balla József	7B	2,1,5,4,4,4	2,4	3,2,5,3	2,3,2,4	4,3,4
Bodnár Luca	8D	1,3	1,4,3,3	4,3,5,4,4	4,4,4,5	1,4,2,3,2
Kozma Pál	6D	3,4,3,2,2,2	4,4,4,5	3,1,1,4	3,4,4,3,1	2,1,5,4,1,3
Pataki Pál	6A	3,4,5,4,1	1,4,5,4	4,3,5,4,5	4,1,5,1	3,4,4
Oláh László	8B	3,3,3,3	4,3,1	4,3,4	3,3,4,4,3,4	3,4,4,4
Hegedűs Arnold	7C	2,3,4,4	3,4,3,2,1,4	2,4,3,3	3,3,3,2,2,5	3,1,4
Dudás József	6B	3,2,5	4,4,4,4	3,2,4,2,1	4,1,2,4	3,4,2,1,3,4
Márton Endre	6C	2,2,5,4	1,3,2,4,1	2,4	4,4,2	1,4,3,2
Lukács Gabriella	5A	1,3,4,4,3,4	1,4,2,3,5,4	2,3,4,2,3,4	1,4,3,2	1,2,4,2
Dudás Szabina	7A	1,2,5,5	3,3	3,3,4,3,2,3	1,4	4,3,1,2
Hegedűs János	8C	2,2,4,3	4,3,1	2,2,2,4,5,4	3,4,3,5,4	4,3
Pataki Ábel	8C	4,4,3,1	1,2,4	2,1,2,4,5,5	2,1,4,4,3,3	4,2,4,4,4
Halász Réka	7B	4,4,4,1	4,3,1,4	3,4,1	4,4,5,2,4	1,3,4,2,5
Somogyi Benjámin	7D	4,4	2,1,4,3,1	3,3,3,1	4,1,3,4,1	4,3,1
Kozma Petra	8C	2,3,3,4,4	2,2,4,2	1,4,4,2	4,4,4	3,3,2
Kelemen Botond	6D	3,1,4,3	2,4,4	3,4,4,2,4	1,3,2,5,4	2,1,4,4
Gulyás Klaudia	6B	2,3,3	1,4,1	3,4	4,2,4,5	2,4,5
Sipos Márk	5B	2,1,5,5,4,5	4,4	1,3,3	1,3,4,4,4,1	2,3,4,3,2
Király Mária	5C	4,1,1,1	3,4,4	2,2,4,1	4,3,4,3	3,1,4,5
Hajdu Virág	6C	4,1,4,2	2,4	3,4,3	4,3,3,3	3,2,2,5
Németh Anna	6B	3,3,1,4,4,5	1,4,3	2,3,3,3	1,4,2	4,4,4,1
Borbély Georgina	7C	3,3,1,4,4	4,3,2,3,2,2	4,1,2,2	4,4,3,4	3,3,4
Máté Anita	7A	4,2,4	2,1,5	3,3,4,3,3	4,3,4,3,1,4	1,2,3
Szalai Anikó	5A	4,1,3,5,4	4,3,2	4,2,4,3,3	1,3,3,1,2	4,1,2
Katona Kata	5A	2,2,5,3,1	1,3,1,4	2,3,3,3,4,3	1,3,2,4	4,1
Dudás Tímea	8A	1,2	2,2,5,5,5	4,3,5,1	1,2,3	3,4,1,4,1
Szőke Flóra	8B	1,1,4,3,4	3,3,4	4,3,3	2,1,4,4,3,1	3,3,5,4
Biró Katalin	8C	3,3	3,3,5,2	2,3,5	1,3,2,3	4,4,1,3,3,4
Orosz Dominika	7A	2,3,5	1,3,3,2,1	4,1,5,3	1,2,1,4,1,4	3,1,1
Jónás Norbert	6B	3,3,1	4,1,4,5	4,2,4	3,3	1,3,5
Faragó Lajos	8D	3,4,1,3,4,3	4,2,4	1,4,4,5	3,4,3,4,4	3,3,4,4,5,3
Balogh Árpád	5D	1,2,1	1,3,4,1,4	1,4,5,3	4,2,3,2,3,4	4,3,1,5,1,2
Péter Melinda	8B	2,4,3,1,4	3,3,2,4	3,2,4,4,3,5	4,4	2,3,3,2
Pál Kornél	5A	4,4,5,3,4,3	3,3,1,4,4	4,2	1,2,5,4,3,2	1,2,2,2,4
Kis Bernadett	8A	2,3,3,5,4	4,1,1,5,5	2,4,4,1	4,4,5,3,3,1	2,2
Szilágyi Fruzsina	5D	1,2,4,3	2,2,4	2,4,4,4,1,4	4,4,3,3,2	3,3,2,4
Hajdu Melinda	8A	3,4,1	4,4,2	4,4,3	4,3,3,4,2	3,1,2,3
Pintér Nikoletta	8C	3,3,5,5,4,3	2,1,5,3,3	3,2,4,3	1,1,2,5,4	4,2,5,2,3,1
Soós Milán	8D	2,3,3,1,1	2,1	4,1,3	4,3,4,3	1,3,1,1,1
Magyar Ildikó	5B	1,4,4,2	4,3,4	4,3,4,2,4	1,2,2,3,2	3,3,4,1,4
Halász Diána	7A	4,3,3,3	4,4,3	3,1,2	1,3,3,1,2	1,2,1,3
Papp Lili	5C	4,1,4,5	4,3,4,3	3,1,1,4	3,2,5,3,4,4	2,2,3
Kocsis Réka	7A	3,1,2,5	3,3,4,1,4	4,3,4,1,4	3,3,4,5,3,2	2,4,3
Balla Bence	5D	2,3,3,2	2,3,4,5	3,3,3	4,1,4,4	3,2,2
Kerekes Vilmos	5D	3,3,4,4,2,3	4,4,4,3,5	3,3,5,4,4	2,4,2	4,4,1,3
Major Soma	6C	1,2,5	4,1,3	3,4,5,4	3,4,2,1,1,4	2,2,5,4,5
Barna András	6C	4,4,2,5,2,4	1,4,4,5,1,1	4,4,4	4,2,1,3,2	1,1,1,4,1
Budai Anita	7C	3,2,5,2,5,5	2,3,5	3,1,2,4	3,2,4,4,4,3	2,3,4
Székely Ákos	6A	2,3	4,1,4,1	2,3,2	4,2,2	4,4,4
Szőke András	5D	1,1,3,3,2,1	4,2	2,4,4	4,3,2,4,3	3,4,3,3
Máté Bertalan	8D	2,1,4,4,5,4	2,1,5	3,2,3,3	1,2,4,4,4,4	1,3,1
Horváth Szilárd	5D	1,1,4,4	4,3,4,3,4,3	4,4,5,5	3,3,2	2,1,3,3,3
Kerekes Zsanett	7B	1,1,4,4,4	2,2	2,4,3	2,1,2,3,2	4,3,5,4
Orosz Roland	6A	2,4,4,3,4	4,2,4,4,2,4	4,2,3,2,2	4,2,2	4,4,3,5
Máté Petra	5C	2,3	4,3,2,5	3,3,5	1,2,1	3,4,1
Kis Szimonetta	8A	3,3,4	1,1,4,1,4,1	4,1,5,1,4	1,1,5,2	2,3,3,2
Jakab Zsuzsanna	6C	2,2,5,1,2,4	4,3,4	3,1,4,3	4,3,5,5,2	3,3,4,3,1,1
Balogh Anikó	6A	1,1,4	3,4,3,4	1,4,1,4	1,1,5,4,4,3	3,1,5,4
Pap Dóra	8D	4,2	4,2,4,2,4	4,4,4,1,4	2,4,4,2	1,3,4,3
Fehér Soma	7A	4,4,2,1,2,1	2,2,5,3	2,4,4,3,3,1	4,4,4	4,4,5,4,3,4
Bálint Rajmund	8A	1,4,2	3,1,4,4,4	2,4,1,1	2,2,5	1,1,2,4,5,3
Molnár Judit	8B	1,1,1,5,1	4,4,3	3,1,5,3,4,3	3,3,3,4,4	2,3,4,3,4
Mezei Noémi	7B	4,4,2,3	2,3,4	4,4,3,3,4,4	1,3,2	4,2,3
Kiss Mária	6C	3,4,4	3,3,4,1	4,1,2,4,3,1	1,4,4	1,2
Oláh Ákos	8A	1,2,4,4,2	4,4,2,2,3	2,2,3,4	4,2,4,3,4	3,2
Szilágyi Klaudia	7B	1,1,5,5,3	3,2,3	1,2,3	4,4,1,4,2,1	3,2
Szűcs Marcell	7B	4,4,5	3,1,4,2	3,1,4,4	2,1,2,4,5,4	4,3,5,3,3
Sándor Luca	8B	4,4	4,3,2,3	3,4,5	3,2,4,4	4,3,4
Márton Anita	6A	3,1,3,4,4,4	2,2,1,2	2,2,4	3,4,2,2	4,2,5,1,4
Kovács Klaudia	5C	4,2,2,3	3,3,4,1,5,4	2,1,4	3,4,3,4,3,2	4,1
Nagy Réka	7C	4,1,5,1,5	2,2,3,4	1,3,5,4,3,3	3,4,5,4	1,4,3
Bodnár János	6C	3,4,4	1,3,2,3,4	4,1,1,4,5,1	3,2,5,5,1,3	3,1,4,4,3
Borbély Katalin	6B	2,2	3,4,3,3,3	3,4,3	1,3,4,5	3,4,1,4
Molnár Dénes	7C	3,3,5,1,5,2	3,3,1,4,1,4	2,1,3,5,4	4,2,5	4,3,1
Király Erika	8A	4,2,4,1,3,4	2,3,5,1,1	4,4,3,4,3	3,1,1,5	1,2,2,2
Barta Virág	7D	3,3	1,3,3,5,1,4	4,2	3,4,3,1	2,2
Nemes Mária	7C	4,1,3,5	2,3,4,5,1	4,3,4,2	3,3,4,4,1,4	1,4,3,2,4,4
Rácz Andrea	8B	1,3,4	4,3,3	4,2,2,2	1,3,5,2,4	4,2,1
Pataki Petra	8D	4,3,4,3	1,4,3,3	3,4,4	3,2,3,4	4,3,4,3,4
Vörös Ádám	5B	4,4,3,3	4,4,1,5,4,3	2,3,4,4	4,4	1,3,3,3,4
Barta Dalma	5B	3,2,3,2	3,4,4,1	3,4,3,2	4,4,2	3,1,5,4,2
Gáspár Dóra	5A	2,4,1	3,3,3	4,4,3,2,1	3,1,4,4	4,3
Csonka Brigitta	8B	3,3,3	4,4,3	4,2,3,5,4	4,4,5,2,3,5	4,3,3,2,4
Tamás Nóra	6A	3,3,4,2,4,2	4,1,3,4,3	4,4,1,1,5,5	4,1,2	2,2,4
Fekete Renátó	5D	4,4,1	2,3,1,4,4,4	3,2,1,4	4,1,3,5,2	1,4,4,4,4
Balogh Tünde	7A	2,3,5,2,4	2,1,4,2,3	3,2,4,4	2,3,4,4,1	1,3,4
Szilágyi Beatrix	7D	4,1,4,5,5,2	1,3,3,3,4	4,3,3,4	3,1,3,2,4	2,1,4,2,2
Szücs Katalin	5C	4,2	1,3,4	4,1,4,3	1,3,4,4	1,3,2,1
Papp Sára	5D	3,4,2,4,5	3,4	2,3,3,3	3,4,4,4,2	3,4,5
Pintér Ferenc	5A	4,1,4,2,4	3,4,2,3,4	3,1	2,3,5	3,3
Illés Bianka	8B	3,3,4,3	1,3,2,2	4,1,3,3,1	2,4,4,2,4	3,4,4
Boros Balázs	8B	3,3,4,5	1,3,4,4,1	3,3,3,3,5	4,1	4,4,3,4,2,3
Lakatos Luca	7D	1,1,4,4	1,2,2,1,4,3	2,1,4	3,4,5,4,2	2,1,1,2,3
Deák Lili	8D	2,2,3	1,3,4,1,3,2	4,2,3,2	3,3,1,5,2,3	3,4,1,4
Bodnár Klaudia	7A	3,3,4	2,2,1,4	4,2	3,3,1,4,2,1	2,1,1,3,1
Pásztor Ákos	6B	2,3,2,3,3,3	3,3,3	2,3,2,2	3,3,4,1,3,1	1,3,4
Deák Milán	6A	4,1,1	3,3,4	3,4,4	1,4,1	2,3,3
Dudás Éva	5C	4,2	1,3,4,1,4,1	4,4,2,1,2,4	2,1,2,1	3,3
Antal Tünde	8B	4,3,5	3,1,5,4,3	1,3,2,5	4,3,1	2,2,3,5,2,2
Kovács Ábel	6D	4,4,1,2,4,5	3,3	4,3,1	2,3,3,3,1,1	3,1
Tamás Gergő	5A	2,2,4,4,3,4	3,4,4	2,4	4,3,3,1,5,4	3,2,5,1,2,3
Barna Csilla	7C	3,3,2,4	4,4,3,3,3	4,3,3,3,4,3	4,1,4,5	3,3,5,5,4,4
Hegedüs Károly	6D	2,3,3,3,3	3,4	3,1,4,3	3,2,2,2	4,3,4,1
Orsós Dániel	6A	2,2,3,3,2	3,3	4,2,1	4,3	4,1,1,5,3,4
Hajdu Cintia	6C	2,1,5,4	1,1	3,4,2,3,5,1	3,4,2,1	4,4,2,2,4
Deák Patrik	6D	4,4,4,5,1	2,4,2	3,4,2	3,4,5,3	3,1,5
Pál Botond	8C	1,3,3	3,2,4,3,1,4	4,2,4,3,4	3,4,4,3,1	3,3,4,2
Vincze Annamária	7B	4,2,2,3,2,4	3,3,5,4	4,1,2,4	3,1,4	1,4,5,4
Papp Erzsébet	6C	4,3,3	3,1,1,3	1,1,3,3,4	2,3,2,4	2,2,3,4,3,1
Orbán Petra	5D	2,2,4,5,4,5	1,3,2,4	3,4,2,4	3,1	1,2,2
Pap Ádám	7C	3,4,3,1	2,1,4,4,5,1	4,1	4,1,4,2,3,3	3,4,2,3,4
Veres Bianka	6A	3,4,2,1,4,3	4,4,2,3	4,1,4,5	1,4	4,3,5,3
Kovács Renátó	8A	4,3,2	3,1,2,3,1	3,4,5,1	3,4,5,4,1	4,3,3,1,3,1
Simon Kristóf	6C	4,3,1	4,3,5,4,4,2	1,2	2,4,4,5	3,3
Bogdán Anett	5D	4,1,3,3	4,3,5,5,2	3,4,4,4	1,4,1,4,4,4	1,3,4
Pintér Károly	5B	1,4,3,3,3	2,3,1	3,4,2,3,4	3,3	3,1,4,4
Kozma Rajmund	7B	2,4,4,4,3	2,2,5	4,1,4,1,2,2	1,1,4,5	1,4,4
Szabó Henrik	6C	1,1,5,2	1,3,3,4,4	3,2,4	3,3,3,2,4,1	4,1,3,5
Bognár Ildikó	5C	4,3,4,5	1,1,3,2	3,3,5,4,3,2	1,3,4	3,1,5,1,1,4
Simon Zsombor	7A	4,4,5,2,1,1	4,3,1,3,5,1	2,4,2,1,5	4,3,1	1,2,2
Bakos Beatrix	8D	3,3,3,3,4	3,1,3,4,3	4,3,1	1,3,3,4,4,5	2,1,4,1,2,4
Orosz Andrea	8D	1,4,3	3,3,3,4,1,2	4,4,5,4,3,2	1,1,4,4,4	1,3,4
Pap Adrienn	5C	3,1,3,3	4,4,2,3,3,3	4,4,5,1,3	1,4,3,5,5,4	3,3,4,2,4
Pintér Rebeka	7A	2,4,1,4	4,2,3,3,3	3,1,4,2,1,4	1,3,1	3,2,4
Gulyás Boglárka	7B	4,3,2,3	3,2,3	3,3,3,4	2,1,3,3	2,2,4,2
Szőke Sára	7B	4,3,3,3,2,3	1,1	3,4,3,1,3	4,1	3,3,4
Csonka Adrienn	7D	3,1,3,3	2,2,5	4,4,1	1,3,4,4,1	4,3,5
Virág Nikolett	5A	2,4,2	3,4	1,3,1,3	3,3	1,1,3,3
Kis Norbert	7C	3,1,3,4,1	4,3,5,1,4,3	4,2,5,4,4,2	1,2	3,4,4,4
Rácz Fanni	7A	4,4,3	4,3,5,3	4,2,1,4,3,3	1,4,5,2	1,4,3,5,2
Bálint Kristóf	5D	4,2	4,2,4,4,1	4,1,1,4,3,5	2,1,3,4	4,3,4,2,3,2
Szűcs Dóra	5C	4,4,5,4	1,2,4,1,1	3,2,4,1	2,2,2	2,3,5,1
Bognár Regina	7A	3,1,5,1	1,2,3,5,5	4,2,4,4	4,1,2	2,4
Török Kitti	5C	2,3,4,4,3	4,2,3,1,3	3,1,2	3,3,5	3,3,2
Bakos Szilvia	6A	3,1,4,5,2	2,2,3,5	2,4,5,4	2,2,2,4,3,5	1,4,5,3,2
Hegedüs Márió	5C	2,2,4,4,5,4	3,4,3,2,1,3	4,3,4,2,4	3,1,2	1,3,2
Varga Evelin	6D	3,1,1,1	1,2,4,5,3,2	3,4,3	2,3,5,1,1	1,4,3,1
Illés Judit	5A	1,4,1	3,1,3,5,2,5	2,2,2,5,1	4,2,4,1	3,2,4,4
Vass Eszter	5C	3,4,4,5	4,4,3,3,3,4	3,2,2,4	2,3,4	4,1,2,5,5
Orbán Csaba	8B	1,3,3,4,3,2	2,4,1,3	2,4,5	2,4,4	4,3,3
Fekete György	8C	3,3,2,4,4,2	3,3,1,4,4,1	3,3,3,5,3	3,4,5,3,4	3,4,5,4
Jónás Judit	7C	4,4,1	3,4,3,1,3	3,1,2	1,4,3,4,1	2,1,3,4,4
Budai Botond	8D	4,4,2	4,4,3,1,1,4	4,2,5,3	2,4,1,4	4,4,3,2
Vörös Gábor	8A	3,3,4,4	1,1,4	2,4,5	4,3,3,5	4,2
Varga Klaudia	6D	3,1,4,5	3,4,2,5,4,3	3,2,3,4	1,3,4,1,4,1	4,4,3
Kocsis Géza	6B	2,4,4,2,1	4,4,1,5,2,5	2,3,4,1,2	4,4,2	4,4,2,1,2,4
Kelemen Laura	6A	4,1,2,3	4,3,1,4	2,3,3,4	3,1,5,3	4,4
Biró Dominika	8D	3,3,4,4	3,3,3	3,3,2,2	2,4,5	4,2,2
Kerekes Richárd	7C	3,3,3,3	2,4,5,5,2	3,1,4,4	1,1	3,3,5,4
Gulyás Kornél	8D	1,3,1,2,4	2,2,4,5,2,5	3,4,4,5	4,3,2	3,4,3,1,5,1
Sipos Zoltán	7A	4,4,5	4,1,1,4,4,3	2,2,2,5	4,3,4,5,3	2,3,5
Bálint Enikő	8D	2,4,2,3	3,2,4	2,3,4	2,2	2,4
Pál Kevin	5A	1,2,2	3,1,3,4	1,4,5,1	3,1,2	2,4,2,1
Barta Rita	8A	2,4,5,4,5	3,1,2,5	4,2	2,4,5,5,2	4,3,1
Dudás Dóra	5D	4,1	1,2,4	2,1,2	3,2,2,3	4,3,1,1
Soós Szabolcs	7A	2,1,5,3,3	4,2,4	3,2,5	1,3,1,5	2,4,3,4
Orbán Erzsébet	8A	4,3	3,2,2,4,3	1,4,4,5,2,3	4,1,4,3,4,2	4,3,4,4,1,4
Csonka Renáta	6A	1,4,4	4,4,4,5,1,5	4,4,4,3	2,1,1	1,3,3,3,4,3
Novák Barbara	6A	3,1,3,3	4,2,5,1,5	1,3,3,5,1,4	1,4,4,2,4	4,3,1,3,1,2
Novák Károly	5B	3,2,4	4,4,5,1,2,5	1,2,5,4	3,3,1,4,3,3	3,3
Balogh Rajmund	5C	4,2,4,3	1,3,3,4,3,1	4,4,3,2	2,1,4,4,3,5	4,3
Király Krisztián	5D	2,3,4	1,2,3,2	4,3,4,2	2,3,4,1,4,5	3,1,4,3,5
Mészáros Balázs	8A	3,2,5,3,3,4	3,1,5	4,1,1,1,4,1	4,4	3,3,3,2,4,2
Novák Tünde	7D	4,3,1	4,1,1,4,5	1,4,4	1,1	3,2,3,4
Balla Milán	6B	1,3,4	1,2,4,5	4,3,4	4,3,3,4	3,1
Csonka Kinga	5D	4,1	4,2,3	2,3,4,2,1	3,4,1,4,2,1	3,4,4,4
Soós Botond	7B	2,4,3	4,3	1,4,5,3	1,4,4,4,4,3	4,1,3
Papp Gyula	7C	4,4,2,3,3,4	1,1,1	4,1,4,5,5,1	4,2,3,4	1,2,4
Molnár Hajnalka	8C	2,1,3,5	1,1,4,3	1,4,4,3	3,4,5,2,2	3,3,2,3,4,4
Boros Béla	6A	4,4,3,4,1,1	2,2,2	2,3,2,3,4	4,3,3,3	3,3,1,1,5
Berki Evelin	8A	4,3,3	4,4,5,2,4,5	2,4,3	1,4,4,4,1	4,1,5,4
Máté Zsófia	5D	3,4,3,4,2,4	1,4,3,1	2,4,4	4,1,4	1,3,4,3
Németh Benjámin	7C	1,2,3	3,3,3,3	2,4,4,4,2,4	3,4,3,2	3,3,3
Pintér Alex	6B	2,4,4	1,1,3	4,4,4,2,2,1	1,4,4	3,4,3,5,5,4
Barta Zsófia	6A	2,4,4,3,3,5	4,1,1,5	2,2,4	3,4,3	3,4,5
Balla Endre	6D	4,4,3	2,3,4,1,1,2	1,2,3,1	2,4,3	4,2,5,4
Szilágyi Zsanett	7C	3,3,3,4,1	1,1,5,4,3	3,1,1,3	3,3,4,2	2,3
Juhász Mátyás	8D	4,2,4,4	2,4,1	3,2,4	2,2,4,3,3	4,2,4,4
Illés Imre	6B	3,3,4,3,3,5	3,4,1,4	4,2,4,4	4,1,3,4,5,4	4,2,4
Nagy Viktória	7A	3,4,1,3,2,2	4,1,4,3	1,4,1	2,1,4,5,5,4	3,3,1,1
Pásztor Edina	7A	3,4,3	3,4,4,4	4,4,4	2,1,5	3,3,4
Péter Viktor	6A	1,3,3,5	3,1,4,3,1,5	4,4,3,4,3	3,3,3,2,4	3,4,5,5,5,4
Deák Marcell	5A	4,3,3,1,5	4,1,4,4	3,3,5	3,3,1,3,4,4	2,4,5,5
Kerekes Bianka	8B	4,2,4	3,3,5,2,3	4,2,3,3	3,4,2,2	2,1,1,5,2
Barna Gergő	7B	2,4,5,3,2,1	3,1	3,4,4	4,4,2	2,3,1
Mészáros Botond	5C	1,4,4,3,4,5	3,2,2,4,1	2,2,4,4	2,4,4,2,4	4,4,4,3,1
Fehér Olivér	6A	1,2,2	1,4,3	4,1,1	2,4,5	2,3,2
Novák Gyula	7B	1,3,2,4	1,2,5,3	3,2,3,5,2,4	3,4,3,5,3	3,3,1,3,5,4
Gáspár Enikő	8D	3,4,4,4	4,1,4,1,4	1,4,2,3	2,4,1,4	2,4,1,4,2
Lakatos Dominika	6C	4,1,4,2	2,4	2,4,1,1	3,3	4,4,2,3,5
Fazekas Tamás	8A	3,2,4	1,3	2,1,3	3,1,2	4,2,3,2,1,4
Gál Rebeka	6B	4,4	4,1,3,4,3,3	4,1	3,1,1	1,2,4
Lakatos Mátyás	8B	4,1,2,1,4,4	3,4,4	2,4,5,4	1,1,3	2,2,5,3,3,1
Boros Kinga	8B	1,1,5	3,1,2,4	2,4,3,4,1,5	4,4,4,4,4	3,3,5,2,3,4
Boros Róbert	5B	3,2,1,4	3,3,3,1,1,4	4,2,2,3,4,1	4,3,4,3,1,4	1,2,3,4,4,1
Kerekes Gábor	8D	2,4,5,3,2,3	2,3,1,4	1,1,2,5,3	3,3,1	4,3,4,4,4,3
Török Zsombor	6C	4,3,4	4,3,4	3,4,3	3,2,4,4,3,4	1,4,3,3
Szabó Botond	8B	3,1,4,2	3,1,5,3,5,1	1,4,4,3,1,3	2,2,5,1,4,1	2,1,1,4
Halász Ákos	8C	1,2,5	4,2,3	4,4,5,1,2	4,4,4,4	3,3,3,3,5,4
Pataki Tamás	6D	3,4,4,1,4	3,2,5	2,2	4,4,5	2,3,2,3,4
Balázs Melinda	7A	4,1,4,1	1,1,1,5	1,1,3,5	4,4,3,4	3,2,4,5
Bogdán Adrienn	6D	4,1,4	2,4,1,1,4,5	4,1,2,1,3,2	4,2,5,2	3,4,2,3,1
Lukács Bence	6D	4,4,3,1,2,1	4,4,4,3,5,4	3,1,3,2	4,1,4	4,2,1,5,4,3
Balla Kinga	7A	4,4,4,1,3,4	2,3,3,1	4,4,4,1,2,2	2,4,5,3	4,3,4,4
Veres Barbara	8B	2,4,3,2,2,1	3,4,3,2,2	1,4,2,3,3,5	3,3,1,4	2,3,1,5,4
Gál József	7B	4,2,3,2	3,3,3,5,1	3,1,3,4	4,4,4,1	2,4,3
Lakatos Lajos	8D	3,2,3,4	4,4,5	3,2,3,3,4,2	3,1,5,5	4,1,3
Lukács Szabina	6B	3,2,4	2,3,4,1	3,2,1	4,2,3	3,1,1,1
Kerekes Kevin	8D	3,2,2	1,4,1,4,1,1	2,4,2,4	4,3,4,4,4,3	4,3,4
Vass Benjámin	5B	4,3,1,3	1,4,1,4,3,4	3,4,4,4	3,4,4	2,2,5
Barta Dénes	8C	4,2,3,3,4,3	3,4,1,3	4,2,4,1	2,1,5,3,2	3,3,4,5,4,4
Veres Adrián	7B	3,3,4,3	1,1,2,2	3,4	3,3,2,3	2,3
Bálint Ágnes	8B	4,3,1,1,1,1	4,2,3,5,3,4	3,3,3,3,2	1,3,2,3,5	2,4,2
Sipos Adrián	5C	1,2,1	3,3,1,3,3	4,3,4	3,4,3,3,2,5	3,2,5,1,1
Pásztor Zsanett	7A	4,3,4,2,3,4	4,1,5	2,1,4,1,2	1,4,1,1	2,3,5,1
Vörös Árpád	6C	4,3	3,3,3,5	2,4,4,1	1,3,5	4,4,3,2,2
Orbán Botond	5B	4,1,3,2	3,1	2,2,1,4,5	3,1	4,3,4,3,4
Szűcs Bernadett	6D	1,4	1,2,4,3	4,2,4	1,1,2,1,4	3,4,1
Deák Anna	6A	2,1	4,3,4,3	3,4,5,4	2,2,4	1,3,2,2,5,1
Szűcs Beatrix	5A	2,1,1,4	1,4,3	2,4,5	3,4,2,3,4,5	1,1,3,4
Kis Vilmos	7B	3,2,4,4	3,2,4	1,4,5,2,2,2	4,2,5	2,3,2,4,4,5
Király Virág	7D	4,3,3,4	1,2,4,3	3,2,3,1,5	4,4,4	3,4,4,1,1,4
Molnár Ildikó	5A	3,3	2,4,4,3	2,1,3,4,5,3	4,1,4,4,3	4,1,4,1
Illés Regina	5D	2,3,3,4,2,2	1,3,2,1	4,1,3	3,2,5,3,4	3,3,2
Kis Anett	5D	3,3,3,3,2,2	1,3,5,4,4,2	3,3,5,3,1,5	4,1,3,4,1,1	3,2,4
Lukács Enikő	7C	1,4,5,5,4,4	3,3,3	1,4,1,2	4,4,4	4,4,3,3
Katona Anikó	6C	3,1,4,4	2,3,4,4,4	4,1	1,3,3,3,2	1,1,4,4,5,5
Jónás Szilvia	5C	1,1,5,5	4,3,2	4,2,5,3	3,2,4,4	4,2
Soós Attila	6B	4,3,4	2,1	4,3,4,1,4	2,4	1,4,2,4,1
Major Olivér	6C	1,3	2,1,5	2,1,4	4,1,1,5	3,1,4,2
Török Viktor	7D	3,2,5,4	1,1,1,5,4,4	4,1,4	3,4,4,4,4	4,4,5,4
Fekete Tibor	8C	1,2,1	2,4,3	3,3,4,4	3,1	3,4,3,5
Rácz Róbert	8C	1,1,3	4,1,4,3	4,3,3,4,3,2	1,4,5	4,2,3,3,1
Kiss Zsolt	8A	1,2,4,1	4,2,2,3,4,4	4,2,3	3,4,5,2,5,4	2,2,3,4,3,5
Budai Árpád	7C	2,2,4,2,5,4	3,1,5	3,2,2,3,4	3,2,4,1,3,4	2,1,3
Vass Henrik	8C	3,4,2	3,3,5,3,3	2,4,1,5	1,3,3	3,4,3,2,2
Nemes Beáta	7C	1,4,3,4,1	4,3,2	3,2,3,4,5	1,1,3,2	4,4,1,4
Kelemen Katalin	8C	3,4	1,3	1,3,4,3,4	3,1,4,1	2,1,4
Szőke Márió	8A	3,2,4,1,4	3,3,4	3,4,5,5	4,4,1,2	1,1,5,2
Pap Gréta	7C	2,3	4,4,4	1,3,5	3,2,5	3,4,3
Pál Brigitta	5A	4,1,4,1	3,1,3,4,4	4,4,4,3,5	1,1,4,4	4,3,4
Orosz Kristóf	5D	3,4	4,3,4	1,4,3,2	1,4,3,4,1,5	4,3
Sárközi Luca	6B	2,3,2,4	1,4,4,2	1,2,4	3,3	1,3,5,5,3,4
Péter Henrik	7C	3,4,3,1,2,3	3,3,4	4,2,4,1	1,1,5,1	4,3,1,1
Fehér Gabriella	5C	3,3,5,4,2,2	4,4,3,5,2	4,3,4	1,3,1,2	1,3,2,4,3,4
Máté Henrietta	8B	1,4,4	3,1,4,1	2,4,5	3,3,3	2,1,4,1
Pintér Zoltán	7A	4,3,3	3,2,3,4	3,4,1,5	2,4,2,1,5,2	2,3,3,3,4
Bodnár Róbert	8C	4,3,4,2	2,2,2,5,1	2,4,1,4,2	3,4,5	2,3,4,4
Bakos József	8A	4,2,4	1,3,3,2,4	3,4	2,3,2,4	1,4,5,4
Bognár Zsolt	7C	3,4,3	2,4,3,1	3,4,3,2,4	4,3,4,5,1,4	3,1,3,3,1,2
Oláh Dominika	8B	1,3,5,4,3,2	3,1,3,4,2,4	4,2,3,5,3	4,3,5,3	1,3,3,4,4,4
Oláh Katalin	5A	4,3,2	1,1,5,4,5	4,3,3,1,1	1,2,2	4,3,3
Sándor Viktória	6C	2,4,1	4,2,4,3,3,4	4,1,2,3,3,1	1,2,4,5,4,3	1,2,3,3
Veres Árpád	7D	3,3,4	2,2,2,3	2,1,4,4,5	4,3,5	4,1,4,4,5
Márton Sára	5A	1,2,5	2,2,4,1	1,3	2,4,5	2,4,5,3
Fülöp Ramóna	5D	4,4	4,3,4,3	2,3,1,2	4,2,1	4,1
Márton Botond	5B	4,3,3	3,2,2	3,1	1,3,2	4,3,5,5,1,3
Kerekes Kornél	5C	1,2,3,2,4	3,2,4	3,1,5,4,3,4	2,3,1,2	2,3,2
Jakab Károly	5A	2,4,4,4,3	4,1,5,5,3,4	3,3,1	4,3,1,4,2	1,4,1,5
Hegedűs Brigitta	7B	3,2	3,3,2	2,1,4,5,4	2,2,5	4,3,4,4
Fekete János	7C	3,3,4	1,3,3,4,1,1	2,4,2,4	3,4,4,3,5	2,2,1,3,1,4
Major Annamária	6A	3,2,3,4	4,2,2	3,4,2	1,3,2,5	4,3,3
Kiss Szilárd	6D	3,2,5,2,4	2,4,2,1	1,4,2,3	3,1,5,5	2,2,5,3
Major Barbara	6B	1,1	3,2,5,4	2,3,5	3,1,3,4	3,1
Simon Virág	6D	4,4,2	1,4,4	2,3,1,3,2	1,1,4	3,2,4,3
Nagy Lili	6B	3,1,1	4,1,4,4	2,1,4,5,2	2,4,4	4,4,3
Pál Szilveszter	7D	3,3,1	3,4,3	2,2,1,4,2,5	3,3,3,1,4	4,4,3,3
Somogyi Mónika	5A	1,4,3	3,3,2,4	3,4,3,3,3,3	3,1,3,3,4,3	3,2,3,1
Fazekas Gergely	6C	3,1,3,5	1,2,2,3,3	3,3,1,3,2,2	4,4	1,4,4
Váradi Soma	6D	2,4,5	4,4,4,5	4,2,1	2,1,4,5,3,5	2,2,2,4
Juhász Zsuzsanna	7C	4,1,1	4,3,4,2,1,1	3,2,4,4,3	4,4	1,3,3,4
Barta Szilvia	6B	1,2	4,3,5	3,2,2,1,3,2	2,1,2,5	3,2,4
Magyar Zsófia	5B	2,4,3	3,4,4,5	3,2,4,4,1	4,2,2,1,5,3	2,4,3,5,4,5
Barna Diána	5D	3,3,2,4,2	2,3,3	4,3,2,3	3,2,3,4	1,2,4
Illés Petra	6C	1,4,1,5	2,3,3,4,1	3,4,3,4	1,4,2,3,1	1,4,4,5,4,4
Major József	7A	1,3,4,4	1,3,2,4,4,1	2,2,3,4	4,1,3	3,4
Tamás Erik	7C	2,4,3,4,1	1,4,2	2,3,5	4,2,2,5	1,3,4
Balázs Rebeka	5D	3,4,2	3,1,3,4,4,2	3,2,3,4	3,1,1,3,4,1	1,4,1,4,1,4
Pál Melinda	5B	1,3,2,4	3,4,4	1,3,3,5,4,4	1,1	2,3,1
Pataki Boglárka	6B	3,4,3,3	1,4,2,5	4,1,5,4,1	3,4,3	3,4,3
Szabó Kevin	5A	1,3,3,4,5,1	1,1,3,2	3,2,2,4,2,3	4,4,3,3,5	4,3,1,2,3
Fülöp Fanni	8D	3,3,4,4	3,1,1,5,5,4	2,1,4,4	3,4,5,4,3	4,3
Farkas Viktória	8C	1,4,5,5	3,1	1,3,4,4,3,1	2,3,4	4,4
Horváth Miklós	8A	1,3,2,2,1	3,3,4	2,3,4,4,2,1	3,3,2,1,2	2,3,4,3
Nagy Szabina	6A	3,1,3,4,4,5	4,4,1,2,4,5	1,3,4,4,1,5	3,4,4,1	3,1,3,5,3,3
Biró Lili	5C	3,4,3,3,5	4,1,2,5,5,4	3,2,1,4	1,4,4,1,1,5	3,3,4,3
Pap Antal	5C	4,2,5,4,3	4,2,2,1	4,4,1,1	1,4,3	4,3,4,4,4
Fodor Kevin	7A	3,3,4,2,5	4,2,2,4	2,1,2	3,1,1,2,4,4	4,3,3
Mészáros Soma	6C	2,2,3,3,4,3	1,4,3	4,1,1	1,2,4,1	1,1,3,5
Somogyi Patrik	6A	4,2	4,3	1,3,2	3,2,4,2,4	1,3,3,1
Székely Sándor	6D	2,4,4	2,2,5,4	4,4,2,3	1,4,3,4,4	1,2,4,4
Barna Árpád	8B	3,4,1	3,2,3,3	3,2,4,4,5,5	1,2	2,2,2,5,4,3
Váradi Enikő	8C	2,2,4,2	4,4,3	4,3,1	2,4,1,4,2,4	2,3,4
Gáspár Bettina	5A	1,3	4,4,3,2	3,1,2,5,2	2,3,1,3,4,4	2,4,3,2,4
Váradi István	8D	4,4	2,2,3	1,4,5	4,3,2	4,1,3
Fábián Károly	6C	4,1,4,2,5,5	1,1,2	1,3,3,5	4,3,1,3,2	1,4,3,1,2,4
Sándor Anita	5B	1,1,4,4	3,2,5,4	4,4,4,5	1,4,3,4	3,2,3,4
Biró Pál	6A	3,3	3,4,2,3	1,4,5,5,2,5	3,4,4,3,4	2,1,4
Székely Attila	7B	2,3,4	1,2,3,3,3	1,2,3,3,3	2,1,3,4	4,1,2
Virág Bettina	8C	3,1,2,4,4,5	4,1,1,5,4,4	1,3,4	3,3	3,2,4,1,2,5
Simon Pál	7A	1,4	1,2,2	2,4,5	1,4,5,4	4,3,3,3
Major Henrik	5B	2,3,1,4,4	3,1	3,4,3	2,4,5	3,3,4,3,3
Fábián Martin	5B	3,3,2,3	4,3,3,4,4	4,3,4	4,3,4,5,4,3	4,1,4
Oláh Antal	8D	4,1,3,5	1,3,2,4,1	3,1,4,4,1	3,2,2,4,3	3,3,4,4,4,4
Bogdán Éva	7D	3,1,2	2,1	2,4,4	3,4,4,2,1	1,4
